t_rel_s,code,label,time_unix,time_lsl,time_perf,offset_unix_minus_lsl,time_webapp,webapp_minus_local_ms,inserted_to_board,raw
8.215508,610.000000,610,1788108744.654685,326071.788201,100906.673685,1787782672.866484,1788108744.654000,-0.685453,True,"{""marker"":610,""timestamp"":1788108744.654}"
12.379137,600.000000,600,1788108748.818314,326075.951490,100910.836975,1787782672.866824,1788108748.817000,-1.314163,True,"{""marker"":600,""timestamp"":1788108748.817}"
51.572506,100.000000,100,1788108788.011683,326115.143809,100950.029291,1787782672.867874,1788108788.011000,-0.683069,True,"{""marker"":100,""timestamp"":1788108788.011}"
52.580288,110.000000,110,1788108789.019465,326116.151587,100951.037071,1787782672.867878,1788108789.018000,-1.465082,True,"{""marker"":110,""timestamp"":1788108789.018}"
63.417034,111.000000,111,1788108799.856211,326126.988280,100961.873765,1787782672.867930,1788108799.854000,-2.210855,True,"{""marker"":111,""timestamp"":1788108799.854}"
63.417768,120.000000,120,1788108799.856946,326126.989011,100961.874493,1787782672.867935,1788108799.855000,-1.945496,True,"{""marker"":120,""timestamp"":1788108799.855}"
65.428550,121.000000,121,1788108801.867727,326128.999785,100963.885267,1787782672.867941,1788108801.866000,-1.726866,True,"{""marker"":121,""timestamp"":1788108801.866}"
65.429160,200.000000,200,1788108801.868337,326129.000395,100963.885875,1787782672.867942,1788108801.867000,-1.337051,True,"{""marker"":200,""timestamp"":1788108801.867}"
67.771736,210.000000,210,1788108804.210913,326131.342965,100966.228446,1787782672.867948,1788108804.210000,-0.912905,True,"{""marker"":210,""timestamp"":1788108804.21}"
69.143174,220.000000,220,1788108805.582351,326132.714403,100967.599887,1787782672.867948,1788108805.581000,-1.351357,True,"{""marker"":220,""timestamp"":1788108805.581}"
69.143645,210.000000,210,1788108805.582822,326132.714869,100967.600350,1787782672.867953,1788108805.581000,-1.821995,True,"{""marker"":210,""timestamp"":1788108805.581}"
69.501885,220.000000,220,1788108805.941062,326133.073109,100967.958592,1787782672.867953,1788108805.940000,-1.061916,True,"{""marker"":220,""timestamp"":1788108805.94}"
69.502280,210.000000,210,1788108805.941457,326133.073502,100967.958982,1787782672.867954,1788108805.940000,-1.456499,True,"{""marker"":210,""timestamp"":1788108805.94}"
69.910073,220.000000,220,1788108806.349250,326133.481298,100968.366781,1787782672.867952,1788108806.348000,-1.250267,True,"{""marker"":220,""timestamp"":1788108806.348}"
69.910470,210.000000,210,1788108806.349648,326133.481692,100968.367171,1787782672.867955,1788108806.348000,-1.647472,True,"{""marker"":210,""timestamp"":1788108806.348}"
70.483214,220.000000,220,1788108806.922391,326134.054436,100968.939917,1787782672.867955,1788108806.921000,-1.391411,True,"{""marker"":220,""timestamp"":1788108806.921}"
70.483743,210.000000,210,1788108806.922920,326134.054963,100968.940444,1787782672.867957,1788108806.921000,-1.919746,True,"{""marker"":210,""timestamp"":1788108806.921}"
70.648761,220.000000,220,1788108807.087938,326134.219982,100969.105463,1787782672.867956,1788108807.087000,-0.938177,True,"{""marker"":220,""timestamp"":1788108807.087}"
70.649137,210.000000,210,1788108807.088315,326134.220357,100969.105836,1787782672.867958,1788108807.087000,-1.314640,True,"{""marker"":210,""timestamp"":1788108807.087}"
70.852556,220.000000,220,1788108807.291734,326134.423777,100969.309258,1787782672.867957,1788108807.290000,-1.733541,True,"{""marker"":220,""timestamp"":1788108807.29}"
70.853039,210.000000,210,1788108807.292216,326134.424258,100969.309738,1787782672.867958,1788108807.291000,-1.216173,True,"{""marker"":210,""timestamp"":1788108807.291}"
71.121527,220.000000,220,1788108807.560704,326134.692748,100969.578229,1787782672.867956,1788108807.559000,-1.703978,True,"{""marker"":220,""timestamp"":1788108807.559}"
71.121925,210.000000,210,1788108807.561102,326134.693143,100969.578623,1787782672.867959,1788108807.560000,-1.101971,True,"{""marker"":210,""timestamp"":1788108807.56}"
71.421397,220.000000,220,1788108807.860574,326134.992617,100969.878098,1787782672.867958,1788108807.859000,-1.574278,True,"{""marker"":220,""timestamp"":1788108807.859}"
71.652991,400.000000,400,1788108808.092168,326135.224210,100970.109693,1787782672.867958,1788108808.090000,-2.167702,True,"{""marker"":400,""timestamp"":1788108808.09}"
71.653598,410.000000,410,1788108808.092775,326135.224815,100970.110294,1787782672.867960,1788108808.091000,-1.775265,True,"{""marker"":410,""timestamp"":1788108808.091}"
71.653737,420.000000,420,1788108808.092914,326135.224953,100970.110432,1787782672.867961,1788108808.091000,-1.914024,True,"{""marker"":420,""timestamp"":1788108808.091}"
72.312829,430.000000,430,1788108808.752007,326135.884045,100970.769527,1787782672.867961,1788108808.750000,-2.006531,True,"{""marker"":430,""timestamp"":1788108808.75}"
72.876679,450.000000,450,1788108809.315856,326136.447893,100971.333374,1787782672.867963,1788108809.315000,-0.855923,True,"{""marker"":450,""timestamp"":1788108809.315}"
73.168443,440.000000,440,1788108809.607620,326136.739659,100971.625142,1787782672.867961,1788108809.606000,-1.620531,True,"{""marker"":440,""timestamp"":1788108809.606}"
73.169005,410.000000,410,1788108809.608182,326136.740218,100971.625698,1787782672.867964,1788108809.607000,-1.182318,True,"{""marker"":410,""timestamp"":1788108809.607}"
73.169140,420.000000,420,1788108809.608317,326136.740353,100971.625832,1787782672.867964,1788108809.607000,-1.316786,True,"{""marker"":420,""timestamp"":1788108809.607}"
73.544363,430.000000,430,1788108809.983540,326137.115580,100972.001065,1787782672.867959,1788108809.982000,-1.539469,True,"{""marker"":430,""timestamp"":1788108809.982}"
73.990813,450.000000,450,1788108810.429990,326137.562026,100972.447508,1787782672.867964,1788108810.428000,-1.990318,True,"{""marker"":450,""timestamp"":1788108810.428}"
74.270967,440.000000,440,1788108810.710145,326137.842183,100972.727668,1787782672.867962,1788108810.708000,-2.144575,True,"{""marker"":440,""timestamp"":1788108810.708}"
74.271563,410.000000,410,1788108810.710740,326137.842774,100972.728255,1787782672.867966,1788108810.709000,-1.739502,True,"{""marker"":410,""timestamp"":1788108810.709}"
74.271802,420.000000,420,1788108810.710979,326137.843013,100972.728492,1787782672.867967,1788108810.709000,-1.979351,True,"{""marker"":420,""timestamp"":1788108810.709}"
74.585874,430.000000,430,1788108811.025051,326138.157086,100973.042568,1787782672.867965,1788108811.023000,-2.050638,True,"{""marker"":430,""timestamp"":1788108811.023}"
74.979662,450.000000,450,1788108811.418839,326138.550872,100973.436353,1787782672.867967,1788108811.417000,-1.838923,True,"{""marker"":450,""timestamp"":1788108811.417}"
75.308821,440.000000,440,1788108811.747998,326138.880031,100973.765515,1787782672.867967,1788108811.746000,-1.998425,True,"{""marker"":440,""timestamp"":1788108811.746}"
75.309278,411.000000,411,1788108811.748455,326138.880485,100973.765965,1787782672.867969,1788108811.746000,-2.454519,True,"{""marker"":411,""timestamp"":1788108811.746}"
75.309422,420.000000,420,1788108811.748599,326138.880630,100973.766109,1787782672.867969,1788108811.746000,-2.599001,True,"{""marker"":420,""timestamp"":1788108811.746}"
75.589823,431.000000,431,1788108812.029000,326139.161031,100974.046513,1787782672.867968,1788108812.027000,-1.999617,True,"{""marker"":431,""timestamp"":1788108812.027}"
77.096652,441.000000,441,1788108813.535829,326140.667858,100975.553340,1787782672.867971,1788108813.534000,-1.829147,True,"{""marker"":441,""timestamp"":1788108813.534}"
77.097038,411.000000,411,1788108813.536215,326140.668243,100975.553723,1787782672.867972,1788108813.534000,-2.215147,True,"{""marker"":411,""timestamp"":1788108813.534}"
77.097144,420.000000,420,1788108813.536321,326140.668348,100975.553827,1787782672.867973,1788108813.534000,-2.321243,True,"{""marker"":420,""timestamp"":1788108813.534}"
77.638171,431.000000,431,1788108814.077348,326141.209374,100976.094854,1787782672.867974,1788108814.076000,-1.348019,True,"{""marker"":431,""timestamp"":1788108814.076}"
78.695669,441.000000,441,1788108815.134846,326142.266875,100977.152360,1787782672.867971,1788108815.133000,-1.846552,True,"{""marker"":441,""timestamp"":1788108815.133}"
78.696308,411.000000,411,1788108815.135485,326142.267526,100977.153008,1787782672.867959,1788108815.133000,-2.485037,True,"{""marker"":411,""timestamp"":1788108815.133}"
78.696523,420.000000,420,1788108815.135700,326142.267724,100977.153203,1787782672.867976,1788108815.133000,-2.700090,True,"{""marker"":420,""timestamp"":1788108815.133}"
79.264853,431.000000,431,1788108815.704030,326142.836055,100977.721536,1787782672.867975,1788108815.702000,-2.030134,True,"{""marker"":431,""timestamp"":1788108815.702}"
80.252131,441.000000,441,1788108816.691308,326143.823333,100978.708818,1787782672.867975,1788108816.690000,-1.307964,True,"{""marker"":441,""timestamp"":1788108816.69}"
80.252997,401.000000,401,1788108816.692174,326143.824197,100978.709677,1787782672.867977,1788108816.690000,-2.173901,True,"{""marker"":401,""timestamp"":1788108816.69}"
83.850507,120.000000,120,1788108820.289685,326147.421701,100982.307182,1787782672.867984,1788108820.288000,-1.684427,True,"{""marker"":120,""timestamp"":1788108820.288}"
85.857803,121.000000,121,1788108822.296980,326149.428995,100984.314500,1787782672.867985,1788108822.296000,-0.980377,True,"{""marker"":121,""timestamp"":1788108822.296}"
85.858602,201.000000,201,1788108822.297779,326149.429790,100984.315271,1787782672.867989,1788108822.296000,-1.779079,True,"{""marker"":201,""timestamp"":1788108822.296}"
86.069026,211.000000,211,1788108822.508203,326149.640215,100984.525697,1787782672.867987,1788108822.507000,-1.202583,True,"{""marker"":211,""timestamp"":1788108822.507}"
86.856647,220.000000,220,1788108823.295824,326150.427834,100985.313315,1787782672.867989,1788108823.294000,-1.823664,True,"{""marker"":220,""timestamp"":1788108823.294}"
86.857031,211.000000,211,1788108823.296208,326150.428217,100985.313697,1787782672.867990,1788108823.295000,-1.207829,True,"{""marker"":211,""timestamp"":1788108823.295}"
87.398099,220.000000,220,1788108823.837276,326150.969287,100985.854770,1787782672.867989,1788108823.836000,-1.276493,True,"{""marker"":220,""timestamp"":1788108823.836}"
87.398504,211.000000,211,1788108823.837681,326150.969690,100985.855170,1787782672.867990,1788108823.836000,-1.681089,True,"{""marker"":211,""timestamp"":1788108823.836}"
87.786837,220.000000,220,1788108824.226014,326151.358026,100986.243509,1787782672.867988,1788108824.225000,-1.013756,True,"{""marker"":220,""timestamp"":1788108824.225}"
87.787269,300.000000,300,1788108824.226446,326151.358455,100986.243935,1787782672.867991,1788108824.225000,-1.446009,True,"{""marker"":300,""timestamp"":1788108824.225}"
88.388124,310.000000,310,1788108824.827301,326151.959311,100986.844794,1787782672.867990,1788108824.825000,-2.300978,True,"{""marker"":310,""timestamp"":1788108824.825}"
89.434992,330.000000,330,1788108825.874169,326153.006176,100987.891658,1787782672.867993,1788108825.873000,-1.169443,True,"{""marker"":330,""timestamp"":1788108825.873}"
89.764538,320.000000,320,1788108826.203715,326153.335721,100988.221203,1787782672.867994,1788108826.203000,-0.714540,True,"{""marker"":320,""timestamp"":1788108826.203}"
89.764991,340.000000,340,1788108826.204168,326153.336174,100988.221653,1787782672.867995,1788108826.203000,-1.168251,True,"{""marker"":340,""timestamp"":1788108826.203}"
90.592299,341.000000,341,1788108827.031476,326154.163482,100989.048965,1787782672.867994,1788108827.030000,-1.476049,True,"{""marker"":341,""timestamp"":1788108827.03}"
90.592730,211.000000,211,1788108827.031907,326154.163911,100989.049390,1787782672.867996,1788108827.030000,-1.907110,True,"{""marker"":211,""timestamp"":1788108827.03}"
91.336443,220.000000,220,1788108827.775620,326154.907624,100989.793105,1787782672.867996,1788108827.774000,-1.620054,True,"{""marker"":220,""timestamp"":1788108827.774}"
91.336830,211.000000,211,1788108827.776007,326154.908010,100989.793488,1787782672.867997,1788108827.775000,-1.006842,True,"{""marker"":211,""timestamp"":1788108827.775}"
91.774218,220.000000,220,1788108828.213395,326155.345400,100990.230881,1787782672.867996,1788108828.212000,-1.395226,True,"{""marker"":220,""timestamp"":1788108828.212}"
91.774536,300.000000,300,1788108828.213713,326155.345715,100990.231194,1787782672.867998,1788108828.212000,-1.713037,True,"{""marker"":300,""timestamp"":1788108828.212}"
92.404055,310.000000,310,1788108828.843232,326155.975235,100990.860716,1787782672.867997,1788108828.841000,-2.231836,True,"{""marker"":310,""timestamp"":1788108828.841}"
92.842510,330.000000,330,1788108829.281687,326156.413695,100991.299178,1787782672.867991,1788108829.280000,-1.686573,True,"{""marker"":330,""timestamp"":1788108829.28}"
93.205196,320.000000,320,1788108829.644373,326156.776376,100991.661858,1787782672.867997,1788108829.643000,-1.373053,True,"{""marker"":320,""timestamp"":1788108829.643}"
93.205666,340.000000,340,1788108829.644843,326156.776843,100991.662322,1787782672.868000,1788108829.644000,-0.842571,True,"{""marker"":340,""timestamp"":1788108829.644}"
93.589302,341.000000,341,1788108830.028479,326157.160497,100992.045981,1787782672.867982,1788108830.027000,-1.478672,True,"{""marker"":341,""timestamp"":1788108830.027}"
93.589700,211.000000,211,1788108830.028877,326157.160877,100992.046356,1787782672.868000,1788108830.028000,-0.876904,True,"{""marker"":211,""timestamp"":1788108830.028}"
94.075961,220.000000,220,1788108830.515138,326157.647140,100992.532622,1787782672.867998,1788108830.514000,-1.137972,True,"{""marker"":220,""timestamp"":1788108830.514}"
94.076324,300.000000,300,1788108830.515501,326157.647500,100992.532979,1787782672.868001,1788108830.514000,-1.501083,True,"{""marker"":300,""timestamp"":1788108830.514}"
94.641876,310.000000,310,1788108831.081053,326158.213056,100993.098541,1787782672.867996,1788108831.079000,-2.052546,True,"{""marker"":310,""timestamp"":1788108831.079}"
95.118551,330.000000,330,1788108831.557728,326158.689727,100993.575209,1787782672.868001,1788108831.556000,-1.728058,True,"{""marker"":330,""timestamp"":1788108831.556}"
95.473212,320.000000,320,1788108831.912389,326159.044389,100993.929870,1787782672.868000,1788108831.911000,-1.389265,True,"{""marker"":320,""timestamp"":1788108831.911}"
95.473738,340.000000,340,1788108831.912915,326159.044918,100993.930398,1787782672.867997,1788108831.911000,-1.915216,True,"{""marker"":340,""timestamp"":1788108831.911}"
96.025062,341.000000,341,1788108832.464239,326159.596238,100994.481719,1787782672.868001,1788108832.462000,-2.239227,True,"{""marker"":341,""timestamp"":1788108832.462}"
96.025317,211.000000,211,1788108832.464494,326159.596491,100994.481970,1787782672.868004,1788108832.463000,-1.494169,True,"{""marker"":211,""timestamp"":1788108832.463}"
96.472829,220.000000,220,1788108832.912006,326160.044004,100994.929486,1787782672.868002,1788108832.910000,-2.006292,True,"{""marker"":220,""timestamp"":1788108832.91}"
96.473268,211.000000,211,1788108832.912445,326160.044440,100994.929920,1787782672.868004,1788108832.911000,-1.444578,True,"{""marker"":211,""timestamp"":1788108832.911}"
96.903942,220.000000,220,1788108833.343119,326160.475118,100995.360602,1787782672.868001,1788108833.342000,-1.119137,True,"{""marker"":220,""timestamp"":1788108833.342}"
96.904431,300.000000,300,1788108833.343608,326160.475605,100995.361085,1787782672.868004,1788108833.342000,-1.608372,True,"{""marker"":300,""timestamp"":1788108833.342}"
97.760092,310.000000,310,1788108834.199269,326161.331265,100996.216748,1787782672.868004,1788108834.198000,-1.269341,True,"{""marker"":310,""timestamp"":1788108834.198}"
98.184698,330.000000,330,1788108834.623875,326161.755869,100996.641350,1787782672.868006,1788108834.622000,-1.874685,True,"{""marker"":330,""timestamp"":1788108834.622}"
98.529053,320.000000,320,1788108834.968230,326162.100225,100996.985706,1787782672.868005,1788108834.967000,-1.230001,True,"{""marker"":320,""timestamp"":1788108834.967}"
98.974530,341.000000,341,1788108835.413707,326162.545704,100997.431188,1787782672.868003,1788108835.412000,-1.707554,True,"{""marker"":341,""timestamp"":1788108835.412}"
99.570891,400.000000,400,1788108836.010068,326163.142063,100998.027545,1787782672.868006,1788108836.008000,-2.068520,True,"{""marker"":400,""timestamp"":1788108836.008}"
99.571341,410.000000,410,1788108836.010518,326163.142510,100998.027989,1787782672.868008,1788108836.008000,-2.517700,True,"{""marker"":410,""timestamp"":1788108836.008}"
99.571472,420.000000,420,1788108836.010649,326163.142640,100998.028119,1787782672.868009,1788108836.008000,-2.648830,True,"{""marker"":420,""timestamp"":1788108836.008}"
100.394727,430.000000,430,1788108836.833904,326163.965897,100998.851378,1787782672.868007,1788108836.832000,-1.904011,True,"{""marker"":430,""timestamp"":1788108836.832}"
100.971822,450.000000,450,1788108837.410999,326164.542991,100999.428473,1787782672.868008,1788108837.409000,-1.999140,True,"{""marker"":450,""timestamp"":1788108837.409}"
101.337223,440.000000,440,1788108837.776400,326164.908392,100999.793874,1787782672.868008,1788108837.775000,-1.399994,True,"{""marker"":440,""timestamp"":1788108837.775}"
101.337634,410.000000,410,1788108837.776811,326164.908801,100999.794280,1787782672.868010,1788108837.775000,-1.811028,True,"{""marker"":410,""timestamp"":1788108837.775}"
101.337747,420.000000,420,1788108837.776924,326164.908914,100999.794393,1787782672.868010,1788108837.775000,-1.924276,True,"{""marker"":420,""timestamp"":1788108837.775}"
101.765863,430.000000,430,1788108838.205040,326165.337032,101000.222514,1787782672.868008,1788108838.204000,-1.039982,True,"{""marker"":430,""timestamp"":1788108838.204}"
102.278547,450.000000,450,1788108838.717724,326165.849715,101000.735196,1787782672.868010,1788108838.716000,-1.724243,True,"{""marker"":450,""timestamp"":1788108838.716}"
102.611129,440.000000,440,1788108839.050306,326166.182297,101001.067778,1787782672.868009,1788108839.049000,-1.306295,True,"{""marker"":440,""timestamp"":1788108839.049}"
102.611655,410.000000,410,1788108839.050832,326166.182821,101001.068300,1787782672.868011,1788108839.049000,-1.831532,True,"{""marker"":410,""timestamp"":1788108839.049}"
102.611806,420.000000,420,1788108839.050983,326166.182971,101001.068451,1787782672.868012,1788108839.049000,-1.983404,True,"{""marker"":420,""timestamp"":1788108839.049}"
103.175033,430.000000,430,1788108839.614210,326166.746203,101001.631686,1787782672.868007,1788108839.613000,-1.210213,True,"{""marker"":430,""timestamp"":1788108839.613}"
103.657805,450.000000,450,1788108840.096982,326167.228970,101002.114451,1787782672.868012,1788108840.096000,-0.982523,True,"{""marker"":450,""timestamp"":1788108840.096}"
103.964297,440.000000,440,1788108840.403474,326167.535466,101002.420951,1787782672.868008,1788108840.402000,-1.473665,True,"{""marker"":440,""timestamp"":1788108840.402}"
103.964659,411.000000,411,1788108840.403836,326167.535823,101002.421305,1787782672.868013,1788108840.402000,-1.836061,True,"{""marker"":411,""timestamp"":1788108840.402}"
103.964992,420.000000,420,1788108840.404169,326167.536156,101002.421635,1787782672.868013,1788108840.402000,-2.168655,True,"{""marker"":420,""timestamp"":1788108840.402}"
104.602362,431.000000,431,1788108841.041539,326168.173529,101003.059013,1787782672.868010,1788108841.040000,-1.538754,True,"{""marker"":431,""timestamp"":1788108841.04}"
105.897607,441.000000,441,1788108842.336784,326169.468772,101004.354256,1787782672.868012,1788108842.335000,-1.783848,True,"{""marker"":441,""timestamp"":1788108842.335}"
105.897876,411.000000,411,1788108842.337053,326169.469037,101004.354517,1787782672.868016,1788108842.335000,-2.052784,True,"{""marker"":411,""timestamp"":1788108842.335}"
105.898197,420.000000,420,1788108842.337374,326169.469359,101004.354839,1787782672.868015,1788108842.335000,-2.373934,True,"{""marker"":420,""timestamp"":1788108842.335}"
106.314425,431.000000,431,1788108842.753602,326169.885587,101004.771068,1787782672.868015,1788108842.752000,-1.601934,True,"{""marker"":431,""timestamp"":1788108842.752}"
107.398590,441.000000,441,1788108843.837767,326170.969751,101005.855231,1787782672.868016,1788108843.836000,-1.766682,True,"{""marker"":441,""timestamp"":1788108843.836}"
107.399040,411.000000,411,1788108843.838217,326170.970201,101005.855680,1787782672.868016,1788108843.836000,-2.217293,True,"{""marker"":411,""timestamp"":1788108843.836}"
107.399172,420.000000,420,1788108843.838349,326170.970331,101005.855810,1787782672.868018,1788108843.836000,-2.349138,True,"{""marker"":420,""timestamp"":1788108843.836}"
107.842624,431.000000,431,1788108844.281801,326171.413785,101006.299266,1787782672.868016,1788108844.280000,-1.801014,True,"{""marker"":431,""timestamp"":1788108844.28}"
108.964678,441.000000,441,1788108845.403855,326172.535841,101007.421324,1787782672.868015,1788108845.402000,-1.855373,True,"{""marker"":441,""timestamp"":1788108845.402}"
108.965179,401.000000,401,1788108845.404356,326172.536339,101007.421820,1787782672.868017,1788108845.402000,-2.356529,True,"{""marker"":401,""timestamp"":1788108845.402}"
112.351322,120.000000,120,1788108848.790499,326175.922510,101010.807996,1787782672.867989,1788108848.788000,-2.498865,True,"{""marker"":120,""timestamp"":1788108848.788}"
114.357945,121.000000,121,1788108850.797122,326177.929098,101012.814580,1787782672.868024,1788108850.796000,-1.121998,True,"{""marker"":121,""timestamp"":1788108850.796}"
114.358447,202.000000,202,1788108850.797624,326177.929600,101012.815080,1787782672.868024,1788108850.796000,-1.624107,True,"{""marker"":202,""timestamp"":1788108850.796}"
115.382478,220.000000,220,1788108851.821655,326178.953631,101013.839113,1787782672.868024,1788108851.820000,-1.655340,True,"{""marker"":220,""timestamp"":1788108851.82}"
115.700036,220.000000,220,1788108852.139213,326179.271190,101014.156673,1787782672.868023,1788108852.138000,-1.212835,True,"{""marker"":220,""timestamp"":1788108852.138}"
115.700342,301.000000,301,1788108852.139519,326179.271493,101014.156973,1787782672.868026,1788108852.138000,-1.518965,True,"{""marker"":301,""timestamp"":1788108852.138}"
116.017684,311.000000,311,1788108852.456861,326179.588837,101014.474320,1787782672.868024,1788108852.456000,-0.861406,True,"{""marker"":311,""timestamp"":1788108852.456}"
117.504570,321.000000,321,1788108853.943747,326181.075723,101015.961206,1787782672.868024,1788108853.942000,-1.747131,True,"{""marker"":321,""timestamp"":1788108853.942}"
118.179709,341.000000,341,1788108854.618886,326181.750859,101016.636341,1787782672.868027,1788108854.617000,-1.885891,True,"{""marker"":341,""timestamp"":1788108854.617}"
118.724876,220.000000,220,1788108855.164053,326182.296025,101017.181506,1787782672.868028,1788108855.163000,-1.052856,True,"{""marker"":220,""timestamp"":1788108855.163}"
119.101958,220.000000,220,1788108855.541135,326182.673107,101017.558590,1787782672.868028,1788108855.539000,-2.134800,True,"{""marker"":220,""timestamp"":1788108855.539}"
119.102421,301.000000,301,1788108855.541598,326182.673569,101017.559048,1787782672.868029,1788108855.540000,-1.598358,True,"{""marker"":301,""timestamp"":1788108855.54}"
119.739498,311.000000,311,1788108856.178675,326183.310645,101018.196127,1787782672.868030,1788108856.177000,-1.674652,True,"{""marker"":311,""timestamp"":1788108856.177}"
120.768348,321.000000,321,1788108857.207525,326184.339494,101019.224976,1787782672.868032,1788108857.206000,-1.525402,True,"{""marker"":321,""timestamp"":1788108857.206}"
121.142117,341.000000,341,1788108857.581294,326184.713265,101019.598748,1787782672.868029,1788108857.580000,-1.294136,True,"{""marker"":341,""timestamp"":1788108857.58}"
121.515382,220.000000,220,1788108857.954559,326185.086528,101019.972010,1787782672.868031,1788108857.953000,-1.558781,True,"{""marker"":220,""timestamp"":1788108857.953}"
121.829645,220.000000,220,1788108858.268822,326185.400791,101020.286272,1787782672.868031,1788108858.267000,-1.821995,True,"{""marker"":220,""timestamp"":1788108858.267}"
121.830070,301.000000,301,1788108858.269247,326185.401214,101020.286694,1787782672.868033,1788108858.267000,-2.247095,True,"{""marker"":301,""timestamp"":1788108858.267}"
122.441752,311.000000,311,1788108858.880929,326186.012896,101020.898377,1787782672.868033,1788108858.880000,-0.928879,True,"{""marker"":311,""timestamp"":1788108858.88}"
123.590182,321.000000,321,1788108860.029359,326187.161327,101022.046810,1787782672.868032,1788108860.028000,-1.359224,True,"{""marker"":321,""timestamp"":1788108860.028}"
124.168082,341.000000,341,1788108860.607260,326187.739227,101022.624710,1787782672.868032,1788108860.606000,-1.259565,True,"{""marker"":341,""timestamp"":1788108860.606}"
124.570664,220.000000,220,1788108861.009841,326188.141808,101023.027290,1787782672.868032,1788108861.008000,-1.841068,True,"{""marker"":220,""timestamp"":1788108861.008}"
124.920896,220.000000,220,1788108861.360073,326188.492038,101023.377521,1787782672.868034,1788108861.358000,-2.072573,True,"{""marker"":220,""timestamp"":1788108861.358}"
124.921137,301.000000,301,1788108861.360314,326188.492278,101023.377757,1787782672.868036,1788108861.358000,-2.313852,True,"{""marker"":301,""timestamp"":1788108861.358}"
125.444225,311.000000,311,1788108861.883402,326189.015366,101023.900846,1787782672.868036,1788108861.882000,-1.401901,True,"{""marker"":311,""timestamp"":1788108861.882}"
126.505612,321.000000,321,1788108862.944789,326190.076753,101024.962236,1787782672.868036,1788108862.943000,-1.788855,True,"{""marker"":321,""timestamp"":1788108862.943}"
126.951276,341.000000,341,1788108863.390453,326190.522417,101025.407899,1787782672.868036,1788108863.389000,-1.452684,True,"{""marker"":341,""timestamp"":1788108863.389}"
127.472689,400.000000,400,1788108863.911866,326191.043832,101025.929314,1787782672.868035,1788108863.910000,-1.866341,True,"{""marker"":400,""timestamp"":1788108863.91}"
127.473129,410.000000,410,1788108863.912306,326191.044268,101025.929747,1787782672.868038,1788108863.910000,-2.305984,True,"{""marker"":410,""timestamp"":1788108863.91}"
127.473260,420.000000,420,1788108863.912437,326191.044399,101025.929877,1787782672.868039,1788108863.910000,-2.437353,True,"{""marker"":420,""timestamp"":1788108863.91}"
127.972322,430.000000,430,1788108864.411499,326191.543463,101026.428945,1787782672.868036,1788108864.410000,-1.498461,True,"{""marker"":430,""timestamp"":1788108864.41}"
129.047669,450.000000,450,1788108865.486846,326192.618809,101027.504291,1787782672.868037,1788108865.485000,-1.846075,True,"{""marker"":450,""timestamp"":1788108865.485}"
129.348675,440.000000,440,1788108865.787852,326192.919814,101027.805297,1787782672.868038,1788108865.786000,-1.852274,True,"{""marker"":440,""timestamp"":1788108865.786}"
129.349163,410.000000,410,1788108865.788340,326192.920300,101027.805780,1787782672.868040,1788108865.786000,-2.340078,True,"{""marker"":410,""timestamp"":1788108865.786}"
129.349346,420.000000,420,1788108865.788523,326192.920483,101027.805961,1787782672.868041,1788108865.786000,-2.523184,True,"{""marker"":420,""timestamp"":1788108865.786}"
129.939659,430.000000,430,1788108866.378836,326193.510797,101028.396281,1787782672.868038,1788108866.377000,-1.835585,True,"{""marker"":430,""timestamp"":1788108866.377}"
130.448267,450.000000,450,1788108866.887444,326194.019405,101028.904887,1787782672.868039,1788108866.886000,-1.443624,True,"{""marker"":450,""timestamp"":1788108866.886}"
130.746602,440.000000,440,1788108867.185779,326194.317738,101029.203220,1787782672.868041,1788108867.184000,-1.779079,True,"{""marker"":440,""timestamp"":1788108867.184}"
130.747045,410.000000,410,1788108867.186222,326194.318180,101029.203659,1787782672.868042,1788108867.184000,-2.221584,True,"{""marker"":410,""timestamp"":1788108867.184}"
130.747171,420.000000,420,1788108867.186348,326194.318306,101029.203785,1787782672.868042,1788108867.184000,-2.348423,True,"{""marker"":420,""timestamp"":1788108867.184}"
131.259824,430.000000,430,1788108867.699001,326194.830960,101029.716441,1787782672.868041,1788108867.698000,-1.000881,True,"{""marker"":430,""timestamp"":1788108867.698}"
132.341741,450.000000,450,1788108868.780918,326195.913008,101030.798492,1787782672.867910,1788108868.779000,-1.917601,True,"{""marker"":450,""timestamp"":1788108868.779}"
132.645445,440.000000,440,1788108869.084622,326196.216580,101031.102062,1787782672.868042,1788108869.083000,-1.621962,True,"{""marker"":440,""timestamp"":1788108869.083}"
132.645889,411.000000,411,1788108869.085066,326196.217022,101031.102501,1787782672.868043,1788108869.083000,-2.065897,True,"{""marker"":411,""timestamp"":1788108869.083}"
132.646024,420.000000,420,1788108869.085201,326196.217158,101031.102636,1787782672.868044,1788108869.083000,-2.201319,True,"{""marker"":420,""timestamp"":1788108869.083}"
133.186642,431.000000,431,1788108869.625819,326196.757776,101031.643257,1787782672.868043,1788108869.624000,-1.819134,True,"{""marker"":431,""timestamp"":1788108869.624}"
134.657819,441.000000,441,1788108871.096996,326198.228955,101033.114439,1787782672.868040,1788108871.095000,-1.995802,True,"{""marker"":441,""timestamp"":1788108871.095}"
134.658114,411.000000,411,1788108871.097291,326198.229246,101033.114726,1787782672.868046,1788108871.095000,-2.291441,True,"{""marker"":411,""timestamp"":1788108871.095}"
134.658375,420.000000,420,1788108871.097552,326198.229505,101033.114985,1787782672.868046,1788108871.095000,-2.551556,True,"{""marker"":420,""timestamp"":1788108871.095}"
135.091051,431.000000,431,1788108871.530228,326198.662184,101033.547665,1787782672.868045,1788108871.528000,-2.228260,True,"{""marker"":431,""timestamp"":1788108871.528}"
136.530976,441.000000,441,1788108872.970153,326200.102108,101034.987591,1787782672.868044,1788108872.967000,-3.152609,True,"{""marker"":441,""timestamp"":1788108872.967}"
136.531500,411.000000,411,1788108872.970677,326200.102630,101034.988110,1787782672.868047,1788108872.968000,-2.676964,True,"{""marker"":411,""timestamp"":1788108872.968}"
136.531970,420.000000,420,1788108872.971147,326200.103099,101034.988579,1787782672.868047,1788108872.968000,-3.146648,True,"{""marker"":420,""timestamp"":1788108872.968}"
137.154346,431.000000,431,1788108873.593524,326200.725479,101035.610962,1787782672.868045,1788108873.592000,-1.523495,True,"{""marker"":431,""timestamp"":1788108873.592}"
137.851628,441.000000,441,1788108874.290805,326201.422759,101036.308242,1787782672.868047,1788108874.289000,-1.805305,True,"{""marker"":441,""timestamp"":1788108874.289}"
137.852099,401.000000,401,1788108874.291276,326201.423227,101036.308708,1787782672.868048,1788108874.289000,-2.275944,True,"{""marker"":401,""timestamp"":1788108874.289}"
141.350238,120.000000,120,1788108877.789415,326204.921367,101039.806852,1787782672.868048,1788108877.788000,-1.414776,True,"{""marker"":120,""timestamp"":1788108877.788}"
143.357903,121.000000,121,1788108879.797080,326206.929026,101041.814507,1787782672.868054,1788108879.795000,-2.079964,True,"{""marker"":121,""timestamp"":1788108879.795}"
143.358491,203.000000,203,1788108879.797668,326206.929614,101041.815093,1787782672.868054,1788108879.796000,-1.668453,True,"{""marker"":203,""timestamp"":1788108879.796}"
143.987116,213.000000,213,1788108880.426293,326207.558240,101042.443722,1787782672.868053,1788108880.425000,-1.292944,True,"{""marker"":213,""timestamp"":1788108880.425}"
144.501069,220.000000,220,1788108880.940246,326208.072190,101042.957671,1787782672.868055,1788108880.939000,-1.245737,True,"{""marker"":220,""timestamp"":1788108880.939}"
144.501432,213.000000,213,1788108880.940609,326208.072553,101042.958032,1787782672.868056,1788108880.939000,-1.609564,True,"{""marker"":213,""timestamp"":1788108880.939}"
145.221540,220.000000,220,1788108881.660717,326208.792664,101043.678145,1787782672.868054,1788108881.659000,-1.717567,True,"{""marker"":220,""timestamp"":1788108881.659}"
145.221948,213.000000,213,1788108881.661125,326208.793069,101043.678549,1787782672.868056,1788108881.660000,-1.125336,True,"{""marker"":213,""timestamp"":1788108881.66}"
145.790472,220.000000,220,1788108882.229649,326209.361594,101044.247075,1787782672.868055,1788108882.228000,-1.648664,True,"{""marker"":220,""timestamp"":1788108882.228}"
145.790916,213.000000,213,1788108882.230093,326209.362036,101044.247516,1787782672.868057,1788108882.229000,-1.092911,True,"{""marker"":213,""timestamp"":1788108882.229}"
146.381404,220.000000,220,1788108882.820581,326209.952525,101044.838007,1787782672.868056,1788108882.819000,-1.580954,True,"{""marker"":220,""timestamp"":1788108882.819}"
146.381791,213.000000,213,1788108882.820968,326209.952911,101044.838390,1787782672.868057,1788108882.820000,-0.967979,True,"{""marker"":213,""timestamp"":1788108882.82}"
147.117713,220.000000,220,1788108883.556890,326210.688835,101045.574317,1787782672.868055,1788108883.555000,-1.889944,True,"{""marker"":220,""timestamp"":1788108883.555}"
147.118116,213.000000,213,1788108883.557293,326210.689235,101045.574714,1787782672.868058,1788108883.556000,-1.292944,True,"{""marker"":213,""timestamp"":1788108883.556}"
147.459137,220.000000,220,1788108883.898314,326211.030258,101045.915739,1787782672.868057,1788108883.897000,-1.314402,True,"{""marker"":220,""timestamp"":1788108883.897}"
147.459516,213.000000,213,1788108883.898693,326211.030634,101045.916113,1787782672.868059,1788108883.897000,-1.693010,True,"{""marker"":213,""timestamp"":1788108883.897}"
147.825649,220.000000,220,1788108884.264827,326211.396769,101046.282252,1787782672.868058,1788108884.264000,-0.826597,True,"{""marker"":220,""timestamp"":1788108884.264}"
148.336579,400.000000,400,1788108884.775756,326211.907700,101046.793182,1787782672.868057,1788108884.774000,-1.756430,True,"{""marker"":400,""timestamp"":1788108884.774}"
148.336829,410.000000,410,1788108884.776006,326211.907947,101046.793426,1787782672.868059,1788108884.774000,-2.006054,True,"{""marker"":410,""timestamp"":1788108884.774}"
148.337238,420.000000,420,1788108884.776415,326211.908356,101046.793835,1787782672.868059,1788108884.774000,-2.415419,True,"{""marker"":420,""timestamp"":1788108884.774}"
149.042593,430.000000,430,1788108885.481770,326212.613713,101047.499195,1787782672.868057,1788108885.480000,-1.769543,True,"{""marker"":430,""timestamp"":1788108885.48}"
150.293019,450.000000,450,1788108886.732196,326213.864137,101048.749618,1787782672.868059,1788108886.731000,-1.195908,True,"{""marker"":450,""timestamp"":1788108886.731}"
150.687280,440.000000,440,1788108887.126457,326214.258396,101049.143877,1787782672.868061,1788108887.125000,-1.457453,True,"{""marker"":440,""timestamp"":1788108887.125}"
150.687715,410.000000,410,1788108887.126892,326214.258830,101049.144309,1787782672.868062,1788108887.125000,-1.891613,True,"{""marker"":410,""timestamp"":1788108887.125}"
150.687846,420.000000,420,1788108887.127023,326214.258960,101049.144439,1787782672.868062,1788108887.125000,-2.022743,True,"{""marker"":420,""timestamp"":1788108887.125}"
151.128961,430.000000,430,1788108887.568138,326214.700076,101049.585557,1787782672.868062,1788108887.567000,-1.137733,True,"{""marker"":430,""timestamp"":1788108887.567}"
151.555215,450.000000,450,1788108887.994392,326215.126392,101050.011876,1787782672.868000,1788108887.990000,-4.391909,True,"{""marker"":450,""timestamp"":1788108887.99}"
151.888449,440.000000,440,1788108888.327626,326215.459564,101050.345046,1787782672.868062,1788108888.326000,-1.626015,True,"{""marker"":440,""timestamp"":1788108888.326}"
151.888906,410.000000,410,1788108888.328083,326215.460019,101050.345499,1787782672.868063,1788108888.326000,-2.082586,True,"{""marker"":410,""timestamp"":1788108888.326}"
151.889053,420.000000,420,1788108888.328230,326215.460167,101050.345645,1787782672.868063,1788108888.326000,-2.229929,True,"{""marker"":420,""timestamp"":1788108888.326}"
152.288958,430.000000,430,1788108888.728135,326215.860073,101050.745555,1787782672.868062,1788108888.726000,-2.135038,True,"{""marker"":430,""timestamp"":1788108888.726}"
152.697848,450.000000,450,1788108889.137025,326216.268962,101051.154443,1787782672.868063,1788108889.136000,-1.024961,True,"{""marker"":450,""timestamp"":1788108889.136}"
153.026306,440.000000,440,1788108889.465483,326216.597420,101051.482903,1787782672.868063,1788108889.464000,-1.482964,True,"{""marker"":440,""timestamp"":1788108889.464}"
153.026581,411.000000,411,1788108889.465758,326216.597694,101051.483174,1787782672.868064,1788108889.464000,-1.758337,True,"{""marker"":411,""timestamp"":1788108889.464}"
153.026708,420.000000,420,1788108889.465885,326216.597820,101051.483300,1787782672.868065,1788108889.464000,-1.884937,True,"{""marker"":420,""timestamp"":1788108889.464}"
153.408403,431.000000,431,1788108889.847580,326216.979517,101051.864998,1787782672.868062,1788108889.846000,-1.580000,True,"{""marker"":431,""timestamp"":1788108889.846}"
155.640641,441.000000,441,1788108892.079818,326219.211755,101054.097238,1787782672.868063,1788108892.078000,-1.817942,True,"{""marker"":441,""timestamp"":1788108892.078}"
155.640907,411.000000,411,1788108892.080084,326219.212017,101054.097496,1787782672.868067,1788108892.078000,-2.083778,True,"{""marker"":411,""timestamp"":1788108892.078}"
155.640995,420.000000,420,1788108892.080172,326219.212104,101054.097584,1787782672.868067,1788108892.078000,-2.171516,True,"{""marker"":420,""timestamp"":1788108892.078}"
156.092350,431.000000,431,1788108892.531527,326219.663464,101054.548947,1787782672.868063,1788108892.530000,-1.526594,True,"{""marker"":431,""timestamp"":1788108892.53}"
157.660753,441.000000,441,1788108894.099931,326221.231865,101056.117347,1787782672.868066,1788108894.098000,-1.930475,True,"{""marker"":441,""timestamp"":1788108894.098}"
157.661232,411.000000,411,1788108894.100409,326221.232341,101056.117820,1787782672.868068,1788108894.098000,-2.408981,True,"{""marker"":411,""timestamp"":1788108894.098}"
157.661356,420.000000,420,1788108894.100533,326221.232464,101056.117943,1787782672.868069,1788108894.098000,-2.532959,True,"{""marker"":420,""timestamp"":1788108894.098}"
158.069532,431.000000,431,1788108894.508709,326221.640642,101056.526123,1787782672.868067,1788108894.506000,-2.708912,True,"{""marker"":431,""timestamp"":1788108894.506}"
159.378819,441.000000,441,1788108895.817996,326222.949927,101057.835410,1787782672.868069,1788108895.816000,-1.996040,True,"{""marker"":441,""timestamp"":1788108895.816}"
159.379331,401.000000,401,1788108895.818508,326222.950438,101057.835917,1787782672.868070,1788108895.816000,-2.508163,True,"{""marker"":401,""timestamp"":1788108895.816}"
161.999010,101.000000,101,1788108898.438187,326225.570117,101060.455599,1787782672.868071,1788108898.437000,-1.187086,True,"{""marker"":101,""timestamp"":1788108898.437}"
162.020592,610.000000,610,1788108898.459769,326225.591702,101060.477186,1787782672.868067,1788108898.459000,-0.769377,True,"{""marker"":610,""timestamp"":1788108898.459}"
